{"count":1,"gauges":{},"self":27.2249984,"total":29.0191676,"children":{"AgentResetIfDone":{"count":1436,"self":0.0070065,"total":0.0070065,"children":null},"AgentSendState":{"count":1436,"self":0.0480535,"total":0.18720009999999998,"children":{"CollectObservations":{"count":5744,"self":0.13914659999999998,"total":0.13914659999999998,"children":null}}},"DecideAction":{"count":1436,"self":1.5789471,"total":1.5789471,"children":null},"AcademyStep":{"count":1436,"self":0,"total":0,"children":null},"AgentAct":{"count":1436,"self":0.020013799999999998,"total":0.020013799999999998,"children":null}}}